Minutes,total_flowrate,fl_L1,fl_L2,total_bed_height,p1,flowrate_combi,bed_exp,initial_bed_height,step_size,normalized_p
1.1948333333333372,2.1787829968412953,0.13722496232088835,0.2522416058668657,1.185888367183769,-0.5200313314583177,0.389466568187754,-0.010111632816233913,1.196,2,-0.5274151434668537
3.2275000000000107,59.89688012561065,14.985601987682713,14.986528228504344,1.1860636203237647,20.73314033657861,29.97213021618706,-0.00993637967623868,1.1959999999999997,2,21.027525696327192
5.2233333333333505,71.92982070552738,20.987578079613712,20.987850049941798,1.1865654861317385,29.982659040302888,41.97542812955551,-0.009434513868264657,1.196,2,30.40837630862362
7.226833333333357,83.93675609502176,26.98785781942249,26.98803964579247,1.1870295537332347,40.473981458348895,53.97589746521497,-0.008970446266768357,1.1960000000000002,2,41.048662736662166
9.228157039182069,95.93704739465164,32.98768524631015,32.987798048274016,1.2093980300649438,37.54093340758844,65.97548329458417,0.013398030064940359,1.196,2,38.073968973213425
11.230650000000038,107.93869654314774,38.98747845213623,38.98787195154757,1.2091614138312667,37.042149913433235,77.97535040368379,0.013161413831263064,1.1959999999999997,2,37.56810336047995
13.233483333333378,119.9384419425353,44.98748035801546,44.98766562453725,1.2029516075991356,36.54924555853491,89.9751459825527,0.006951607599131654,1.196,2,37.06820036362567
15.234150000000053,131.94271121887692,50.9879264187067,50.98814747658308,1.2010845060958,36.84695437553352,101.97607389528977,0.005084506095795922,1.196,2,37.37013628350256
17.233316666666724,143.9409651732452,56.988110050363396,56.987893373240084,1.206489003008123,36.806072879278595,113.97600342360352,0.010489003008119247,1.196,2,37.328674319755166
19.238483571448906,155.943459850414,62.98845724519794,62.98863840134075,1.2100764782406443,36.69145577521157,125.9770956465387,0.014076478240640731,1.196,2,37.21242979230383
1.195500000000004,2.1470998807871036,0.13352720887411432,0.24831104125085351,1.1941764982699203,-1.749595607694775,0.38183825012496786,-0.002823501730083743,1.197,2,-1.7744377359987575
3.214166666666677,65.89738666477031,17.984859158784012,17.98563327010466,1.1947107005836206,26.44918594647097,35.97049242888868,-0.0022892994163839385,1.1969999999999998,2,26.82473219723222
5.215500000000017,101.93017627759976,35.986715494892934,35.98653857183175,1.2015570900924897,37.96231791820491,71.97325406672468,0.0045570900924855745,1.197,2,38.501336631039464
7.219333333333359,137.93709231777027,53.98758620653223,53.98723854690409,1.216417800051804,36.52962025217614,107.97482475343631,0.01941780005179991,1.197,2,37.04829640180136
9.207833333333364,173.93834288576286,71.98729252851511,71.98701208958157,1.2179382308592757,36.40838748147634,143.97430461809665,0.020938230859272215,1.197,2,36.925342273302576
11.219166666666704,209.93746900114692,89.98604286945309,89.9866206654048,1.222320632798034,36.53587840780351,179.97266353485784,0.025320632798030342,1.197,2,37.05464341562222
13.219500000000044,245.93982744093233,107.98636536521211,107.98843135074267,1.2256551936716067,36.544491227751536,215.97479671595477,0.028655193671602314,1.197,2,37.06337852713138
15.221333568873307,281.9431281017574,125.98869817889852,125.98760371514251,1.2303600418347844,37.13786345092611,251.97630189404106,0.03336004183477981,1.1969999999999998,2,37.665175913718166
1.1918333333333375,2.0091882714548617,0.11834489314104428,0.22692492722012322,1.2416410211640487,-0.5043674304517988,0.34526982036116755,-0.014358978835955568,1.256,2,-0.5115288341296134
3.2269833333333433,59.90261919322008,14.985701566540104,14.986746818877657,1.282010107147496,20.35692068456516,29.972448385417767,0.026010107147491413,1.2560000000000002,2,20.645964183128967
5.218316666666683,71.93305212326747,20.98769682729995,20.987936214021854,1.3083099458869976,29.190700933703088,41.97563304132181,0.05230994588699308,1.256,2,29.60517336075364
7.221983333333358,83.93728353963459,26.987081200621933,26.987728525541876,1.2112701265936672,39.81261958567162,53.974809726163805,-0.044729873406336954,1.256,2,40.37791033029576
9.222983333333364,95.93870971627366,32.98773579509453,32.9878814565319,1.1906339662820145,38.479806072204525,65.9756172516264,-0.06536603371798981,1.256,2,39.02617248702285
11.22298333333337,107.94070531461857,38.987914277873195,38.987780610749574,1.1920248791499306,37.38203337329804,77.97569488862278,-0.0639751208500737,1.256,2,37.91281275182357
13.222650000000046,119.94055330148565,44.98768931683765,44.98764586769533,1.201005464725784,37.1129046475799,89.97533518453297,-0.054994535274220505,1.256,2,37.639862725740265
15.229816666666716,131.94336927850082,50.987800845066495,50.987831572102834,1.2062765777205626,37.02600844151321,101.97563241716932,-0.049723422279441466,1.256,2,37.551732699303464
17.23098333333339,143.94274329011296,56.988149527527675,56.9877200057403,1.2078049521205365,36.38492914344404,113.97586953326798,-0.048195047879467774,1.256,2,36.90155085541992
19.238312574485562,155.94098947308706,62.986882268517334,62.98790269335144,1.2077875194937764,36.47580043410644,125.97478496186879,-0.04821248050622766,1.256,2,36.99371240781586
1.1946666666666708,1.7430616681629412,0.09376384223997472,0.19208204529333298,0.8328021049585231,0.29787222585968554,0.28584588753330764,-0.019197895041479927,0.8520000000000001,2,0.3021016489449143
3.2413333333333436,59.89298339740787,14.985385012020602,14.980550440741203,0.8502944566755645,10.423990599597735,29.965935452761812,-0.0017055433244390896,0.852,2,10.571998579713727
5.21833333333335,65.92789910595097,20.987572215187217,14.985608970623598,0.8375652130293746,13.081992626957575,35.973181185810816,-0.014434786970627781,0.8520000000000001,2,13.267741000971172
7.220000000000025,71.93499160245334,26.987597094934358,14.986621014796809,0.8399571748893572,15.51402312219305,41.97421810973117,-0.01204282511064505,0.8520000000000001,2,15.734303369364149
9.220833333333363,77.93760060752868,32.98784841655035,14.987019850067748,0.851146459084536,16.811630894955492,47.97486826661809,-0.0008535409154675945,0.8520000000000002,2,17.05033559326115
11.221833333333372,83.94086449582024,38.98826443102403,14.987230264632569,0.859770523670111,16.344449309103467,53.97549469565659,0.007770523670107642,0.8520000000000002,2,16.57652059746802
13.228166904272774,89.94126270289492,44.987895650103596,14.987317280617576,0.8664841494445142,16.337015289814175,59.975212930721185,0.014484149444510487,0.8520000000000001,2,16.568981024152308
1.1945000000000041,1.8422638850118036,0.10288017782865556,0.20496100669277076,0.8362488874397018,0.14549781376116444,0.3078411845214263,-0.018751112560300643,0.8550000000000003,2,0.14756370564012622
3.227666666666677,59.896785458328296,14.986039157391472,14.986223182435454,0.8346505358793653,10.482505305446825,29.97226233982692,-0.020349464120637564,0.8550000000000002,2,10.631344123171223
5.222000000000017,65.93265286982674,20.987928176845184,14.987475645288246,0.8341184281783164,12.941500077449035,35.97540382213344,-0.020881571821686658,0.8550000000000003,2,13.125253628244458
7.220833333333358,71.93668604979482,26.988141390111682,14.987727757493637,0.8379992303541084,16.704015672597816,41.975869147605316,-0.017000769645894163,0.8550000000000003,2,16.941192365717868
9.221666666666698,77.93835424875755,32.98813093988045,14.98776283854701,0.8563136441087799,16.32803479855496,47.975893778427455,0.0013136441087761989,0.8550000000000002,2,16.559873020846815
11.223000000000038,83.94062907143069,38.9880171528899,14.98783697969172,0.8626922450164892,16.084610498454136,53.97585413258163,0.007692245016485696,0.8550000000000003,2,16.312992391941314
13.227833570432168,89.94059585056256,44.98783058443075,14.987870388814864,0.8678313849809287,15.715587856215283,59.97570097324561,0.012831384980924674,0.8550000000000003,2,15.938730077297448
1.195650000000004,1.7203050682783327,1.4575777156770877,0.1946318521637889,0.876321496095654,0.31840278250286913,1.6522095678408757,-0.020678503904349506,0.8970000000000002,2,0.3229237145059525
3.240983333333344,109.90527269037597,59.95156265776429,29.968262996200426,0.8880291955748209,15.831523887000824,89.9198256539647,-0.008970804425183521,0.8970000000000001,2,16.056312258621524
5.220150000000017,169.92586325060208,119.95473799535564,29.98114605749942,0.9037285521436329,16.205828982384077,149.9358840528551,0.006728552143629654,0.8969999999999999,2,16.435932030815493
7.223150000000025,229.9423084917335,179.96974117594533,29.981655602279847,0.9159088598286659,16.455412081402528,209.95139677822516,0.018908859828663575,0.8969999999999999,2,16.68905890608776
9.72015000000003,289.9399715526667,239.96310671152833,29.98553759593486,0.9254347413096004,16.45408203456481,269.94864430746316,0.02843474130959828,0.8970000000000001,2,16.68770997420366
12.719150000000042,349.94046538629283,299.9640261906637,29.985255070278193,0.9341757565416593,16.34735824646421,329.9492812609419,0.037175756541656765,0.8970000000000001,2,16.579470838198997
15.224983333333384,289.9447887599628,239.96665341131134,29.98717682761945,0.9225231476379194,16.338335442848855,269.95383023893083,0.025523147637917343,0.8969999999999998,2,16.570319921753402
1.1923333333333375,1.9182597668806654,0.1096233138618681,0.2143603644827198,0.9705177033896246,0.9098818620849793,0.32398367834458786,-0.015482296610379106,0.986,2,0.9228010771652935
3.22800000000001,59.89887874128134,14.986453501860387,14.986273337012467,0.9737359530736139,17.467640670470015,29.97272683887285,-0.012264046926389618,0.9859999999999999,2,17.7156599091988
5.221484217657983,65.93025846948522,20.987750309213034,14.987401588003532,0.9733986741183607,21.705404987347972,35.97515189721656,-0.012601325881642849,0.9860000000000001,2,22.013595321853927
7.219483333333357,71.93696669488044,26.987739544431562,14.987624667483942,0.9719508559396758,28.490640036092447,41.975364211915505,-0.014049144060327718,0.9859999999999999,2,28.89517245039802
9.220816666666698,77.94026783935422,32.988182753250044,14.98770205865112,0.981316238221628,23.543908325227527,47.97588481190119,-0.004683761778376094,0.9859999999999999,2,23.878203169601953
11.222816666666704,83.93996382080361,38.98785230779465,14.987820548765393,0.9895490494551633,23.034908353132206,53.975672856560045,0.003549049455160192,0.9860000000000001,2,23.36197601737546
13.22698333333338,89.93923840716755,44.98795727932773,14.987838538927416,0.9936523820135589,22.842819886923266,59.97579581825514,0.007652382013555485,0.9859999999999999,2,23.16716012872542
15.224816666666717,95.9423243604863,50.98830216523171,14.987867999936745,0.9948333542701518,22.883808824179212,65.97617016516845,0.00883335427014852,0.9859999999999999,2,23.208731059005288
17.22848333333339,101.94224747960018,56.98850755683067,14.987881906935375,0.9965352858630203,22.99134847803908,71.97638946376603,0.010535285863016587,0.986,2,23.31779764507006
19.233483333333396,107.94211040596288,62.98743557486404,14.987883213623613,0.9992950531567875,22.883102457748727,77.97531878848766,0.01329505315678389,0.986,2,23.208014663031165
21.23598315916806,113.94246610977164,68.98852512036933,14.987894403452875,0.9999600182321031,23.815961084481387,83.97641952382222,0.013960018232099334,0.9860000000000001,2,24.154118746938526
23.237966666666743,119.94533214763506,74.98878943614183,14.98791448495889,1.0006323145910616,24.104903691987637,89.97670392110068,0.014632314591057695,0.986,2,24.447163987817078
25.239800000000088,125.9430047389286,80.98826427929623,14.98789212199034,1.0020072837665635,23.48919156727809,95.97615640128657,0.01600728376655964,0.986,2,23.82270950028204
27.229800000000093,113.94206668690445,68.98747470030217,14.987868378000227,0.9978056969002363,23.780505000904977,83.9753430783024,0.011805696900232737,0.9860000000000001,2,24.118159230126754
